ClientOrderID,Instrument,Side,Quantity,Price
aa1,Lavender,2,10,8
aa2,Tulip,1,10,59
aa3,Lavender,2,90,133
aa4,Tulip,2,10,32
aa5,Tulip,2,100,27
aa6, ,1,80,16
aa7, ,1,50,198
aa8,Tulip,1,100,35
aa9,Lavender,1,70,23
aa10,Rose,2,70,50
aa11,Orchid,2,30,113
aa12, ,2,100,146
aa13,Tulip,2,20,86
aa14, ,2,80,118
aa15, ,2,60,114
aa16,Lavender,2,80,82
aa17,Tulip,1,80,100
aa18,Lotus,2,30,61
aa19,Lavender,2,90,81
aa20,Orchid,1,80,74
aa21,Lavender,2,70,19
aa22, ,1,80,84
aa23,Lavender,2,70,114
aa24,Lavender,1,50,14
aa25,Rose,1,20,6
aa26, ,2,20,173
aa27,Lotus,2,30,70
aa28,Rose,2,60,45
aa29,Tulip,2,40,38
aa30,Lotus,2,40,170
aa31,Lavender,2,50,196
aa32,Rose,2,10,41
aa33,Lavender,2,70,32
aa34,Tulip,2,10,169
aa35,Tulip,1,60,41
aa36,Rose,1,10,175
aa37, ,1,20,72
aa38,Lavender,2,60,183
aa39,Orchid,2,20,164
aa40,Lavender,2,10,18
aa41,Tulip,1,90,33
aa42, ,2,80,49
aa43, ,2,30,118
aa44,Rose,1,70,181
aa45, ,1,100,54
aa46,Rose,2,40,145
aa47,Orchid,2,30,181
aa48,Lavender,2,20,122
aa49,Lavender,1,100,99
aa50, ,1,10,11
aa51, ,2,40,29
aa52,Rose,2,50,176
aa53,Lotus,1,60,124
aa54,Lavender,1,80,74
aa55,Lavender,1,20,172
aa56,Lavender,2,60,174
aa57,Lotus,1,70,174
aa58,Lavender,1,20,173
aa59, ,2,30,139
aa60, ,2,60,44
aa61, ,2,60,59
aa62,Orchid,2,20,67
aa63,Orchid,1,100,144
aa64,Lotus,1,40,196
aa65,Tulip,2,90,67
aa66,Lotus,1,10,101
aa67,Tulip,1,70,175
aa68, ,2,80,188
aa69, ,1,30,118
aa70,Tulip,2,60,111
aa71,Lavender,1,20,157
aa72,Tulip,1,40,50
aa73,Lotus,2,90,12
aa74,Tulip,2,100,155
aa75,Lavender,2,30,38
aa76,Lotus,1,40,133
aa77, ,1,80,45
aa78,Tulip,2,80,35
aa79,Tulip,2,100,138
aa80,Lavender,1,10,125
aa81, ,2,70,185
aa82,Orchid,1,30,67
aa83,Rose,2,60,97
aa84,Lavender,2,100,51
aa85,Lotus,1,90,190
aa86,Rose,2,40,101
aa87,Lotus,1,50,143
aa88,Lotus,1,80,50
aa89,Rose,1,100,139
aa90,Tulip,1,40,166
aa91,Orchid,1,70,172
aa92,Rose,2,70,187
aa93,Lavender,2,50,15
aa94,Lotus,1,80,28
aa95,Orchid,1,60,37
aa96,Lotus,2,10,56
aa97,Lotus,2,80,140
aa98,Orchid,1,70,101
aa99,Tulip,2,60,124
aa100,Lavender,1,100,77
aa101,Lavender,1,50,114
aa102,Lavender,1,80,45
aa103,Lotus,1,70,120
aa104,Orchid,1,30,17
aa105,Orchid,2,10,62
aa106, ,2,30,92
aa107,Rose,2,90,16
aa108, ,2,10,57
aa109,Tulip,2,70,162
aa110,Orchid,2,60,67
aa111,Rose,2,50,50
aa112,Orchid,1,90,175
aa113,Lotus,2,30,60
aa114, ,1,70,154
aa115,Lotus,2,70,150
aa116,Lotus,2,30,183
aa117,Lavender,2,80,196
aa118,Lotus,1,90,180
aa119,Tulip,2,10,141
aa120,Lotus,1,70,2
aa121,Rose,1,50,51
aa122, ,2,80,27
aa123, ,1,70,157
aa124, ,1,40,158
aa125,Tulip,1,70,12
aa126,Rose,1,100,177
aa127, ,2,50,19
aa128,Lavender,1,30,107
aa129,Rose,2,30,156
aa130,Tulip,2,80,17
aa131, ,2,60,29
aa132,Lotus,1,10,128
aa133,Lotus,1,80,88
aa134,Tulip,2,30,108
aa135,Orchid,2,20,118
aa136,Lavender,2,90,49
aa137, ,1,90,135
aa138,Tulip,1,90,105
aa139,Orchid,2,60,117
aa140,Tulip,1,90,190
aa141,Lotus,1,50,33
aa142,Lotus,2,90,55
aa143,Tulip,2,20,29
aa144,Lavender,2,10,159
aa145, ,1,40,31
aa146,Lotus,1,100,42
aa147,Orchid,2,10,55
aa148, ,2,10,182
aa149,Tulip,2,10,171
aa150,Orchid,2,30,190
aa151,Rose,1,40,29
aa152, ,1,100,163
aa153,Lotus,2,30,138
aa154,Orchid,2,80,174
aa155,Lavender,2,30,83
aa156,Rose,2,50,167
aa157,Orchid,2,30,152
aa158,Lotus,2,50,82
aa159,Tulip,2,10,78
aa160, ,2,30,156
aa161,Lavender,2,60,19
aa162,Tulip,2,80,95
aa163,Lavender,1,20,81
aa164,Rose,1,10,25
aa165, ,2,80,143
aa166,Tulip,1,60,148
aa167,Lavender,1,30,140
aa168,Lotus,2,70,109
aa169,Lavender,2,100,12
aa170,Rose,2,20,42
aa171,Orchid,1,100,130
aa172,Orchid,2,50,188
aa173, ,2,30,162
aa174, ,2,80,0
aa175,Orchid,2,50,95
aa176,Orchid,2,10,84
aa177,Rose,1,20,46
aa178,Rose,1,100,52
aa179,Lotus,2,40,0
aa180, ,1,90,130
aa181,Orchid,2,80,64
aa182,Rose,2,100,21
aa183,Orchid,2,90,152
aa184,Lavender,1,10,16
aa185,Orchid,1,60,103
aa186,Rose,2,40,82
aa187,Tulip,1,30,93
aa188, ,1,70,20
aa189,Orchid,1,30,64
aa190,Lavender,2,10,191
aa191,Orchid,1,40,79
aa192,Orchid,1,50,89
aa193,Lavender,1,20,78
aa194,Rose,1,60,181
aa195,Rose,1,80,143
aa196,Rose,1,60,177
aa197,Rose,2,90,107
aa198,Lotus,1,50,133
aa199,Orchid,2,30,129
aa200, ,2,30,4
aa201,Rose,1,30,119
aa202,Rose,1,20,149
aa203,Orchid,2,10,121
aa204,Rose,2,50,87
aa205,Orchid,2,90,175
aa206,Tulip,2,50,72
aa207, ,2,80,36
aa208,Orchid,1,100,34
aa209,Rose,2,40,87
aa210,Rose,1,40,32
aa211,Lavender,1,30,127
aa212,Tulip,1,70,161
aa213,Orchid,2,70,56
aa214,Tulip,1,20,122
aa215,Lavender,2,20,96
aa216,Orchid,2,10,124
aa217,Lotus,2,20,51
aa218,Rose,2,80,168
aa219, ,2,60,51
aa220,Lotus,2,60,3
aa221,Lavender,2,80,98
aa222,Rose,1,40,149
aa223,Orchid,1,20,11
aa224,Rose,2,50,190
aa225, ,2,60,161
aa226,Lotus,1,60,121
aa227,Lavender,2,100,83
aa228,Rose,2,20,191
aa229,Lavender,2,70,8
aa230,Lavender,2,60,188
aa231,Lavender,2,60,196
aa232,Lotus,2,60,143
aa233,Lavender,1,20,6
aa234,Orchid,2,10,148
aa235, ,1,70,155
aa236, ,1,60,21
aa237,Lotus,1,40,24
aa238,Lotus,2,40,117
aa239,Lotus,2,70,41
aa240,Rose,1,60,18
aa241,Orchid,2,20,104
aa242,Orchid,1,80,152
aa243, ,2,60,102
aa244, ,2,10,111
aa245,Lavender,1,20,98
aa246,Tulip,2,90,92
aa247,Lotus,1,60,52
aa248,Lotus,2,60,141
aa249,Rose,2,90,55
aa250,Rose,1,40,108
aa251,Tulip,2,50,147
aa252,Tulip,1,20,1
aa253,Orchid,1,50,34
aa254, ,1,20,80
aa255,Lavender,2,50,94
aa256,Rose,1,30,190
aa257, ,1,40,50
aa258,Lotus,2,10,162
aa259,Rose,1,40,164
aa260,Tulip,1,90,153
aa261,Rose,2,40,148
aa262,Lotus,1,90,157
aa263,Tulip,1,90,84
aa264,Lotus,1,10,86
aa265,Rose,2,90,179
aa266,Rose,1,30,134
aa267, ,1,20,22
aa268,Lavender,1,60,73
aa269,Lavender,1,60,166
aa270,Tulip,2,50,58
aa271,Lavender,2,40,53
aa272,Rose,1,70,44
aa273,Lotus,1,50,124
aa274,Rose,1,70,134
aa275,Lotus,1,40,38
aa276,Lotus,2,70,113
aa277,Lavender,1,70,94
aa278,Orchid,1,40,23
aa279, ,2,70,39
aa280,Lotus,2,20,29
aa281,Orchid,2,90,172
aa282,Tulip,1,20,196
aa283, ,1,60,169
aa284,Rose,1,80,98
aa285, ,2,40,23
aa286,Lavender,2,90,31
aa287,Tulip,2,30,163
aa288,Orchid,2,30,51
aa289,Orchid,2,50,93
aa290,Lotus,2,10,27
aa291,Lotus,2,10,54
aa292, ,2,10,147
aa293, ,1,60,156
aa294, ,2,50,12
aa295,Orchid,2,60,182
aa296,Rose,1,80,165
aa297,Orchid,2,100,141
aa298,Tulip,1,100,105
aa299,Rose,1,80,63
aa300,Rose,2,100,52
aa301,Orchid,2,50,74
aa302,Lotus,1,10,141
aa303,Rose,2,70,60
aa304,Lavender,1,10,73
aa305,Lavender,1,10,129
aa306,Lotus,2,30,148
aa307,Rose,1,70,153
aa308,Rose,2,10,51
aa309,Orchid,2,50,71
aa310,Lotus,1,10,162
aa311,Lavender,1,60,91
aa312,Lotus,2,70,71
aa313,Tulip,2,100,154
aa314,Orchid,2,60,154
aa315,Lotus,1,20,137
aa316,Orchid,1,20,26
aa317,Tulip,1,60,45
aa318,Lavender,2,70,170
aa319,Lotus,1,40,36
aa320,Tulip,1,50,181
aa321,Lotus,1,20,119
aa322, ,1,90,86
aa323,Orchid,2,60,65
aa324,Tulip,1,80,181
aa325,Rose,2,70,58
aa326,Lotus,2,90,74
aa327,Lavender,1,80,32
aa328,Lotus,1,20,66
aa329, ,2,10,42
aa330,Lavender,1,20,31
aa331,Orchid,1,30,67
aa332,Orchid,2,80,119
aa333, ,2,20,53
aa334,Lotus,2,50,136
aa335, ,2,90,128
aa336,Rose,2,40,36
aa337,Rose,2,20,68
aa338,Rose,1,90,118
aa339,Tulip,1,10,159
aa340,Rose,2,50,133
aa341,Orchid,2,50,55
aa342,Tulip,1,90,110
aa343,Lotus,1,30,28
aa344,Lavender,1,80,77
aa345,Rose,1,20,150
aa346,Lavender,2,60,29
aa347,Tulip,2,80,40
aa348,Orchid,1,50,68
aa349,Orchid,1,90,175
aa350, ,1,80,21
aa351,Rose,1,100,103
aa352,Tulip,2,20,64
aa353,Lavender,2,10,109
aa354,Tulip,1,70,185
aa355,Rose,1,50,14
aa356, ,2,50,140
aa357,Lotus,1,40,82
aa358,Lotus,1,10,191
aa359,Rose,1,50,22
aa360,Rose,1,90,72
aa361, ,2,40,186
aa362,Rose,1,10,159
aa363, ,1,100,177
aa364,Tulip,1,50,5
aa365,Lavender,1,50,129
aa366,Lavender,1,70,167
aa367,Rose,2,30,46
aa368,Tulip,2,40,96
aa369,Lavender,1,50,168
aa370,Orchid,2,50,89
aa371, ,1,100,199
aa372,Rose,1,10,120
aa373,Lavender,2,70,152
aa374,Tulip,1,20,35
aa375, ,2,70,39
aa376,Tulip,1,10,54
aa377, ,1,50,18
aa378,Lavender,2,60,191
aa379,Orchid,2,60,66
aa380,Orchid,1,90,188
aa381,Lotus,1,40,193
aa382,Rose,1,30,155
aa383,Tulip,2,70,153
aa384,Orchid,1,70,33
aa385,Rose,1,30,135
aa386,Lotus,1,80,171
aa387,Lotus,1,30,91
aa388,Rose,2,80,31
aa389,Rose,1,70,9
aa390,Rose,1,20,9
aa391,Orchid,2,80,20
aa392,Orchid,2,80,191
aa393,Lotus,1,80,78
aa394,Lavender,2,10,135
aa395,Lavender,1,30,104
aa396, ,1,100,195
aa397,Lavender,1,30,8
aa398,Tulip,2,90,3
aa399, ,2,70,32
aa400,Tulip,1,50,60
